{
  "original": {
    "name": "original",
    "accuracy": 0.9017856633645297,
    "precision": 0.9869163869392737,
    "recall": 0.867195682958916,
    "f1": 0.9231908298209229,
    "roc_auc": 0.9841710466975185,
    "pr_auc": 0.9919296996539062,
    "brier": 0.08141465654196584,
    "ece15": 0.08151958305451193,
    "q01": 0.001689071580231606,
    "q50": 0.9984730497653221,
    "q99": 0.9986823590611386,
    "extreme_low<=0.05": 0.33025362008885545,
    "extreme_high>=0.95": 0.5663706720048363
  },
  "platt_calibrated": {
    "name": "platt_calibrated",
    "accuracy": 0.9034566929582927,
    "precision": 0.986296166155424,
    "recall": 0.8702457663334479,
    "f1": 0.9246438746438747,
    "roc_auc": 0.9841710466975185,
    "pr_auc": 0.9919296996539062,
    "brier": 0.08855373001101191,
    "ece15": 0.08537092168958221,
    "q01": 0.008073498779126598,
    "q50": 0.9963183901582552,
    "q99": 0.9963264009812823,
    "extreme_low<=0.05": 0.37468133522678665,
    "extreme_high>=0.95": 0.5841873834414084
  },
  "isotonic_calibrated": {
    "name": "isotonic_calibrated",
    "accuracy": 0.9022305108331765,
    "precision": 0.986694224321853,
    "recall": 0.8680587560017093,
    "f1": 0.923582353019841,
    "roc_auc": 0.9828252821746088,
    "pr_auc": 0.990615929714964,
    "brier": 0.08374367089846156,
    "ece15": 0.08438218534469144,
    "q01": 0.0002534747158970893,
    "q50": 0.9999477479360435,
    "q99": 0.9999477479360435,
    "extreme_low<=0.05": 0.35616313355119456,
    "extreme_high>=0.95": 0.5676995112381018
  }
}