{
  "calibration_method": "temperature",
  "train_raw": {
    "q01": 0.004655958618969382,
    "q10": 0.004670682305759126,
    "q25": 0.005260078633958311,
    "q50": 0.9805455617829671,
    "q75": 0.9975709172166521,
    "q90": 0.9979306178745103,
    "q99": 0.997956615016273
  },
  "train_calibrated": {
    "q01": 0.10470782641743769,
    "q10": 0.10482683366418653,
    "q25": 0.10939516420387314,
    "q50": 0.8275002401975969,
    "q75": 0.9173689186318541,
    "q90": 0.9221104686216313,
    "q99": 0.9224736423288877
  },
  "test_raw": {
    "q01": 0.004655996979515884,
    "q10": 0.004674034000302642,
    "q25": 0.00598580254859507,
    "q50": 0.9941331625173097,
    "q75": 0.9975327312871657,
    "q90": 0.9979346864312535,
    "q99": 0.9979554645104158
  },
  "test_calibrated": {
    "q01": 0.10470813680561067,
    "q10": 0.10485388889545333,
    "q25": 0.11456421644234623,
    "q50": 0.8862526365681523,
    "q75": 0.9168935666515914,
    "q90": 0.9221671060016658,
    "q99": 0.9224575058146761
  }
}