,accuracy,precision,recall,f1,roc_auc,pr_auc,brier_score,specificity,npv,fpr,fnr,confusion_matrix
rf,0.8983010248601296,0.9905380459470169,0.8587828156291635,0.919966967074791,0.9864493255820357,0.9935447810065379,0.07201431837132408,0.9825178571428571,0.7655202159334391,0.017482142857142856,0.14121718437083652,"{'tn': 55021, 'fp': 979, 'fn': 16853, 'tp': 102488}"
xgb,0.8991051722072989,0.988899363204371,0.8614306902070538,0.9207743877043785,0.986364259020071,0.9934829110169556,0.0771137584486632,0.9793928571428572,0.7683341972178249,0.02060714285714286,0.13856930979294627,"{'tn': 54846, 'fp': 1154, 'fn': 16537, 'tp': 102804}"
lgb,0.8995671291939706,0.9888234333105894,0.8621848317007567,0.9211720785324847,0.9860551130793273,0.9933209603086246,0.07912205826353254,0.9792321428571429,0.7692750126255541,0.020767857142857143,0.13781516829924334,"{'tn': 54837, 'fp': 1163, 'fn': 16447, 'tp': 102894}"
et,0.8906587734756846,0.977436298294615,0.859185024425805,0.914503844027042,0.9842930426257532,0.9923218790818632,0.06978421922293872,0.9577321428571428,0.761421391862347,0.04226785714285714,0.14081497557419495,"{'tn': 53633, 'fp': 2367, 'fn': 16805, 'tp': 102536}"
mlp,0.8892671993429945,0.9848515725833843,0.850386706999271,0.9126931309243305,0.9787824467133197,0.9843822036178378,0.08800011599881602,0.972125,0.7530223808338175,0.027875,0.149613293000729,"{'tn': 54439, 'fp': 1561, 'fn': 17855, 'tp': 101486}"
ensemble_raw,0.9012039397516839,0.9886855719486491,0.8647405334294166,0.9225687351656753,0.9873622865809499,0.9939708551553441,0.08471683036048865,0.9789107142857143,0.7725229351333831,0.021089285714285713,0.13525946657058346,"{'tn': 54819, 'fp': 1181, 'fn': 16142, 'tp': 103199}"
ensemble,0.9012039397516839,0.9886855719486491,0.8647405334294166,0.9225687351656753,0.9873622865809498,0.9939708551553441,0.07021187230928971,0.9789107142857143,0.7725229351333831,0.021089285714285713,0.13525946657058346,"{'tn': 54819, 'fp': 1181, 'fn': 16142, 'tp': 103199}"
