{
  "rf": {
    "accuracy": 0.8983010248601296,
    "precision": 0.9905380459470169,
    "recall": 0.8587828156291635,
    "f1": 0.919966967074791,
    "roc_auc": 0.9864493255820357,
    "pr_auc": 0.9935447810065379,
    "brier_score": 0.07201431837132408,
    "specificity": 0.9825178571428571,
    "npv": 0.7655202159334391,
    "fpr": 0.017482142857142856,
    "fnr": 0.14121718437083652,
    "confusion_matrix": {
      "tn": 55021,
      "fp": 979,
      "fn": 16853,
      "tp": 102488
    }
  },
  "xgb": {
    "accuracy": 0.8991051722072989,
    "precision": 0.988899363204371,
    "recall": 0.8614306902070538,
    "f1": 0.9207743877043785,
    "roc_auc": 0.986364259020071,
    "pr_auc": 0.9934829110169556,
    "brier_score": 0.0771137584486632,
    "specificity": 0.9793928571428572,
    "npv": 0.7683341972178249,
    "fpr": 0.02060714285714286,
    "fnr": 0.13856930979294627,
    "confusion_matrix": {
      "tn": 54846,
      "fp": 1154,
      "fn": 16537,
      "tp": 102804
    }
  },
  "lgb": {
    "accuracy": 0.8995671291939706,
    "precision": 0.9888234333105894,
    "recall": 0.8621848317007567,
    "f1": 0.9211720785324847,
    "roc_auc": 0.9860551130793273,
    "pr_auc": 0.9933209603086246,
    "brier_score": 0.07912205826353254,
    "specificity": 0.9792321428571429,
    "npv": 0.7692750126255541,
    "fpr": 0.020767857142857143,
    "fnr": 0.13781516829924334,
    "confusion_matrix": {
      "tn": 54837,
      "fp": 1163,
      "fn": 16447,
      "tp": 102894
    }
  },
  "et": {
    "accuracy": 0.8906587734756846,
    "precision": 0.977436298294615,
    "recall": 0.859185024425805,
    "f1": 0.914503844027042,
    "roc_auc": 0.9842930426257532,
    "pr_auc": 0.9923218790818632,
    "brier_score": 0.06978421922293872,
    "specificity": 0.9577321428571428,
    "npv": 0.761421391862347,
    "fpr": 0.04226785714285714,
    "fnr": 0.14081497557419495,
    "confusion_matrix": {
      "tn": 53633,
      "fp": 2367,
      "fn": 16805,
      "tp": 102536
    }
  },
  "mlp": {
    "accuracy": 0.8892671993429945,
    "precision": 0.9848515725833843,
    "recall": 0.850386706999271,
    "f1": 0.9126931309243305,
    "roc_auc": 0.9787824467133197,
    "pr_auc": 0.9843822036178378,
    "brier_score": 0.08800011599881602,
    "specificity": 0.972125,
    "npv": 0.7530223808338175,
    "fpr": 0.027875,
    "fnr": 0.149613293000729,
    "confusion_matrix": {
      "tn": 54439,
      "fp": 1561,
      "fn": 17855,
      "tp": 101486
    }
  },
  "ensemble_raw": {
    "accuracy": 0.9012039397516839,
    "precision": 0.9886855719486491,
    "recall": 0.8647405334294166,
    "f1": 0.9225687351656753,
    "roc_auc": 0.9873622865809499,
    "pr_auc": 0.9939708551553441,
    "brier_score": 0.08471683036048865,
    "specificity": 0.9789107142857143,
    "npv": 0.7725229351333831,
    "fpr": 0.021089285714285713,
    "fnr": 0.13525946657058346,
    "confusion_matrix": {
      "tn": 54819,
      "fp": 1181,
      "fn": 16142,
      "tp": 103199
    }
  },
  "ensemble": {
    "accuracy": 0.9012039397516839,
    "precision": 0.9886855719486491,
    "recall": 0.8647405334294166,
    "f1": 0.9225687351656753,
    "roc_auc": 0.9873622865809498,
    "pr_auc": 0.9939708551553441,
    "brier_score": 0.07021187230928971,
    "specificity": 0.9789107142857143,
    "npv": 0.7725229351333831,
    "fpr": 0.021089285714285713,
    "fnr": 0.13525946657058346,
    "confusion_matrix": {
      "tn": 54819,
      "fp": 1181,
      "fn": 16142,
      "tp": 103199
    }
  }
}