{
  "rf": {
    "accuracy": 0.9758417140358548,
    "precision": 0.9889227298364354,
    "recall": 0.9669549104385423,
    "f1": 0.977815452223474,
    "roc_auc": 0.9972721518836404,
    "pr_auc": 0.9979527417258833,
    "brier_score": 0.021318560177634335,
    "specificity": 0.9867297297297297,
    "npv": 0.9605862078038256,
    "fpr": 0.01327027027027027,
    "fnr": 0.03304508956145769,
    "confusion_matrix": {
      "tn": 36509,
      "fp": 491,
      "fn": 1498,
      "tp": 43834
    }
  },
  "xgb": {
    "accuracy": 0.9785381139775543,
    "precision": 0.9862490791794093,
    "recall": 0.9746095473396277,
    "f1": 0.9803947674999167,
    "roc_auc": 0.997646945895865,
    "pr_auc": 0.998214841724123,
    "brier_score": 0.017247863256115097,
    "specificity": 0.9833513513513513,
    "npv": 0.9693352870654056,
    "fpr": 0.016648648648648647,
    "fnr": 0.025390452660372365,
    "confusion_matrix": {
      "tn": 36384,
      "fp": 616,
      "fn": 1151,
      "tp": 44181
    }
  },
  "lgb": {
    "accuracy": 0.9814167031045037,
    "precision": 0.9889489194499018,
    "recall": 0.9771684461307686,
    "f1": 0.9830233899960057,
    "roc_auc": 0.9983673462574019,
    "pr_auc": 0.9987512509224943,
    "brier_score": 0.014361707208480292,
    "specificity": 0.9866216216216216,
    "npv": 0.9724294086307939,
    "fpr": 0.013378378378378379,
    "fnr": 0.022831553869231448,
    "confusion_matrix": {
      "tn": 36505,
      "fp": 495,
      "fn": 1035,
      "tp": 44297
    }
  },
  "et": {
    "accuracy": 0.9164116018073167,
    "precision": 0.9389269406392694,
    "recall": 0.9071957998764669,
    "f1": 0.9227886729794014,
    "roc_auc": 0.985205074990282,
    "pr_auc": 0.9883444163603898,
    "brier_score": 0.05854933854794151,
    "specificity": 0.9277027027027027,
    "npv": 0.890818021384823,
    "fpr": 0.0722972972972973,
    "fnr": 0.09280420012353305,
    "confusion_matrix": {
      "tn": 34325,
      "fp": 2675,
      "fn": 4207,
      "tp": 41125
    }
  },
  "mlp": {
    "accuracy": 0.9615459359665743,
    "precision": 0.9703087356116713,
    "recall": 0.9595208682608312,
    "f1": 0.9648846495119787,
    "roc_auc": 0.9934935628074911,
    "pr_auc": 0.9951068337333353,
    "brier_score": 0.029168755926340807,
    "specificity": 0.964027027027027,
    "npv": 0.951071885665529,
    "fpr": 0.03597297297297297,
    "fnr": 0.0404791317391688,
    "confusion_matrix": {
      "tn": 35669,
      "fp": 1331,
      "fn": 1835,
      "tp": 43497
    }
  },
  "ensemble_raw": {
    "accuracy": 0.9813195355390371,
    "precision": 0.9873147282681266,
    "recall": 0.9786464307773758,
    "f1": 0.9829614694347816,
    "roc_auc": 0.998088444175226,
    "pr_auc": 0.9985546976505839,
    "brier_score": 0.014487826641519156,
    "specificity": 0.9845945945945946,
    "npv": 0.9741162629017595,
    "fpr": 0.015405405405405406,
    "fnr": 0.021353569222624196,
    "confusion_matrix": {
      "tn": 36430,
      "fp": 570,
      "fn": 968,
      "tp": 44364
    }
  },
  "ensemble": {
    "accuracy": 0.9813195355390371,
    "precision": 0.9873147282681266,
    "recall": 0.9786464307773758,
    "f1": 0.9829614694347816,
    "roc_auc": 0.998088444175226,
    "pr_auc": 0.9985546976953368,
    "brier_score": 0.026641287561071113,
    "specificity": 0.9845945945945946,
    "npv": 0.9741162629017595,
    "fpr": 0.015405405405405406,
    "fnr": 0.021353569222624196,
    "confusion_matrix": {
      "tn": 36430,
      "fp": 570,
      "fn": 968,
      "tp": 44364
    }
  }
}