{
  "train_shape": [
    82332,
    45
  ],
  "test_shape": [
    175341,
    45
  ],
  "feature_count": 42,
  "categorical_columns": [
    "proto",
    "service",
    "state"
  ],
  "stacking": {
    "base_model_order": [
      "rf",
      "xgb",
      "lgb",
      "et",
      "mlp"
    ],
    "meta_model": "LogisticRegression",
    "oof_folds": 5,
    "calibration_split": 0.2
  },
  "calibration": {
    "selected_method": "temperature",
    "platt_eval": {
      "score": 0.21738593957000393,
      "brier": 0.02055076620965372,
      "ece15": 0.0065931620483253555,
      "extreme_share": 0.9676929616809375
    },
    "isotonic_eval": {
      "score": 0.1919770574264481,
      "brier": 0.01789556110046279,
      "ece15": 6.64603356120877e-18,
      "extreme_share": 0.8704074816299265
    },
    "temperature_eval": {
      "score": 0.08179235250827041,
      "brier": 0.029708244267048732,
      "ece15": 0.10416821648244337,
      "extreme_share": 0.0
    },
    "temperature": 2.5
  },
  "base_model_metrics": {
    "rf": {
      "accuracy": 0.8983010248601296,
      "confusion_matrix": [
        [
          55021,
          979
        ],
        [
          16853,
          102488
        ]
      ]
    },
    "xgb": {
      "accuracy": 0.8991051722072989,
      "confusion_matrix": [
        [
          54846,
          1154
        ],
        [
          16537,
          102804
        ]
      ]
    },
    "lgb": {
      "accuracy": 0.8995671291939706,
      "confusion_matrix": [
        [
          54837,
          1163
        ],
        [
          16447,
          102894
        ]
      ]
    },
    "et": {
      "accuracy": 0.8906587734756846,
      "confusion_matrix": [
        [
          53633,
          2367
        ],
        [
          16805,
          102536
        ]
      ]
    },
    "mlp": {
      "accuracy": 0.8892671993429945,
      "confusion_matrix": [
        [
          54439,
          1561
        ],
        [
          17855,
          101486
        ]
      ]
    }
  },
  "ensemble_raw": {
    "accuracy": 0.9011469080249342,
    "confusion_matrix": [
      [
        54820,
        1180
      ],
      [
        16153,
        103188
      ]
    ],
    "report": {
      "0": {
        "precision": 0.7724064080706747,
        "recall": 0.9789285714285715,
        "f1-score": 0.8634906633693777,
        "support": 56000.0
      },
      "1": {
        "precision": 0.9886938525218458,
        "recall": 0.8646483605801862,
        "f1-score": 0.9225198807379229,
        "support": 119341.0
      },
      "accuracy": 0.9011469080249342,
      "macro avg": {
        "precision": 0.8805501302962603,
        "recall": 0.9217884660043789,
        "f1-score": 0.8930052720536503,
        "support": 175341.0
      },
      "weighted avg": {
        "precision": 0.9196164725065296,
        "recall": 0.9011469080249342,
        "f1-score": 0.9036672668447745,
        "support": 175341.0
      }
    },
    "ece15": 0.08296688218554826,
    "brier": 0.08482153205725701,
    "extreme_low<=0.05": 0.3543495246405575,
    "extreme_high>=0.95": 0.5717601701826727
  },
  "ensemble_calibrated": {
    "accuracy": 0.9011469080249342,
    "confusion_matrix": [
      [
        54820,
        1180
      ],
      [
        16153,
        103188
      ]
    ],
    "report": {
      "0": {
        "precision": 0.7724064080706747,
        "recall": 0.9789285714285715,
        "f1-score": 0.8634906633693777,
        "support": 56000.0
      },
      "1": {
        "precision": 0.9886938525218458,
        "recall": 0.8646483605801862,
        "f1-score": 0.9225198807379229,
        "support": 119341.0
      },
      "accuracy": 0.9011469080249342,
      "macro avg": {
        "precision": 0.8805501302962603,
        "recall": 0.9217884660043789,
        "f1-score": 0.8930052720536503,
        "support": 175341.0
      },
      "weighted avg": {
        "precision": 0.9196164725065296,
        "recall": 0.9011469080249342,
        "f1-score": 0.9036672668447745,
        "support": 175341.0
      }
    },
    "ece15": 0.1375064660298653,
    "brier": 0.07038019144193848,
    "extreme_low<=0.05": 0.0,
    "extreme_high>=0.95": 0.0
  }
}